episode,clip_number,youtube_id,start,end,topics
1,1,NPdKxsSE5JQ,57,270,Florescent Adolescence| Rainbow| Wetherspoons
1,2,NPdKxsSE5JQ,349,492,Cats| Shoes| Football
1,3,NPdKxsSE5JQ,578,660,Clowns| Guitars| Roast Me
1,4,NPdKxsSE5JQ,791,889,Pussy| Antidisestablishmentarianism| Wall
1,5,NPdKxsSE5JQ,1114,1257,My Average Day| Didgeridoo
2,1,BgCUCg9aMyA,58,218,COVID| Sports| Comedy
2,2,BgCUCg9aMyA,364,471,Huskies| Iced Coffee| Bucket Hats
2,3,BgCUCg9aMyA,610,718,Sheep| PlayStation| Bottle
2,4,BgCUCg9aMyA,1026,1144,King| NF| New York
3,1,37duQAUSYXo,113,252,Bookbag| Perfume In A Bottle| Painting
3,2,37duQAUSYXo,402,538,Oreos| Oxygen| Lotion
3,3,37duQAUSYXo,676,781,Ninja Turtles| Dogs| Iron Man
3,4,37duQAUSYXo,1143,1250,Mr. Feelgood - The Humpus
4,1,jrNapeXr3TY,90,199,London| Rivers| Drinking| Red Wine
4,2,jrNapeXr3TY,397,516,Football| Florida| Senior
4,3,jrNapeXr3TY,643,778,Drank| Menstruation| Police
4,4,jrNapeXr3TY,886,1043,Drinking on a Sunday| High as Fuck
5,1,Gh7Wbix9UwY,76,237,Function| Poison| Purified
5,2,Gh7Wbix9UwY,364,509,Wolves| Love| Cola
5,3,Gh7Wbix9UwY,682,798,Purple| Bottle| Joint| Groin
5,4,Gh7Wbix9UwY,909,1061,Paint| Cash| Walls| Beemer
6,1,dwFhTq5x0Tc,97,247,Cypher| Integrity| Weed
6,2,dwFhTq5x0Tc,434,613,Shopping| Swimming| Boxing
6,3,dwFhTq5x0Tc,778,954,Imported| Lurking| Automatic
6,4,dwFhTq5x0Tc,1069,1214,Sofa| Juice| Octagon
7,1,75j7pEjRAIQ,84,268,Comedy| College| Nicotine
7,2,75j7pEjRAIQ,383,505,Betrayal| Pain| Love
7,3,75j7pEjRAIQ,631,739,Wine| Hot| Flags
7,4,75j7pEjRAIQ,809,938,Pineapple| Train| Pasta
7,5,75j7pEjRAIQ,1020,1149,Drink| Gum| Bottle
8,1,O6ve-5b_x5U,96,237,McDonalds| Plate| Cheese Puff
8,2,O6ve-5b_x5U,362,501,Corky| Annabelle| Puppetworld
8,3,O6ve-5b_x5U,619,781,Pepper| Keyboard| Pair of Pants
8,4,O6ve-5b_x5U,892,1045,Cheese| Leaks| T-Shirt
9,1,oxuUDgOdoRw,71,224,Yoohoo| Plate| Water
9,2,oxuUDgOdoRw,397,533,Milk| Big L| Bag
9,3,oxuUDgOdoRw,684,791,Cardi B| Omegle| Fashion
9,4,oxuUDgOdoRw,1000,1118,Jesus| Air Force One| Sky
10,1,7GAuu0Ro9PM,66,202,Kitty| Candy| Sky
10,2,7GAuu0Ro9PM,368,567,Purple| Wave| Change
10,3,7GAuu0Ro9PM,746,929,Masculinity| Chaosity| Trustworthy
10,4,7GAuu0Ro9PM,1046,1124,Ohio| Shut Your Mouth & Beatbox| Brody
11,1,Rqv6oiyddn8,61,202,Sandwich| Flags| Table
11,2,Rqv6oiyddn8,326,462,Penguin| Philadelphia| Steve
11,3,Rqv6oiyddn8,570,747,Phone| Crush| Car
11,4,Rqv6oiyddn8,840,1092,Octopus| Doorknob| Orange
12,1,hZcpRm80EBk,82,232,Orange| Fruit| Apples| Keyboard
12,2,hZcpRm80EBk,362,507,Ramen| Paint| Anticipation
12,3,hZcpRm80EBk,640,763,Water| Bass| Table
12,4,hZcpRm80EBk,854,983,Detroit Red Wings| Black Widows Elite| Family
13,1,6c5Y47TYQWQ,75,268,Money| Light| Studying
13,2,6c5Y47TYQWQ,376,559,Goblet| Nancy Drew| Minerals
13,3,6c5Y47TYQWQ,702,826,Banana| Plushie| Blue
13,4,6c5Y47TYQWQ,920,1101,Life| Interaction| Psyche| Extinguisher| Kendrick
14,1,Ap4dVD_CRm8,65,237,California| Language| Enemy
14,2,Ap4dVD_CRm8,389,540,Chocolate| Cake Dinosaurs
14,3,Ap4dVD_CRm8,615,677,Random Beatboxer
14,4,Ap4dVD_CRm8,763,930,Genius| Mask| Wood| Van
14,5,Ap4dVD_CRm8,1004,1172,Black| Picture| Camera| Coffee
15,1,lt0r0JNDeeo,91,276,Beatbox| Discord| Drop| Beats| Inward Bass
15,2,lt0r0JNDeeo,464,593,Dental Hygienist| Drama| Family
15,3,lt0r0JNDeeo,701,912,Scarce| CAPS| Streets
15,4,lt0r0JNDeeo,1079,1227,Monster| Simultaneously| Siren
16,1,XTfaaoBRjvs,72,227,Pizza| Labradoodles| Ariana Grande
16,2,XTfaaoBRjvs,324,473,Dolphin| Orange| Eyelash
16,3,XTfaaoBRjvs,545,740,Call of Duty| PlayStation| Basketball
16,4,XTfaaoBRjvs,852,1037,Dessert| Dogs| Pillow| Croc| Candles
17,1,QwnqI4dyPI8,57,190,Pumpkin| Orange| Pineapple
17,2,QwnqI4dyPI8,281,484,Pizza| Can| Trash
17,3,QwnqI4dyPI8,597,763,Google Draw
17,4,QwnqI4dyPI8,845,1033,Chains| Happy| Planet
18,1,VBBMfHGMs7I,79,225,Light| Reacting to Art
18,2,VBBMfHGMs7I,323,466,October| Roses| Wavy
18,3,VBBMfHGMs7I,590,743,Hip Hop| Turntables| Cooking
18,4,VBBMfHGMs7I,900,1060,Yoda| Dark| Streets
18,5,VBBMfHGMs7I,1137,1285,Good Road Trips| Good Views
19,1,EWThDBgYj9U,99,263,Gil| Brothels| Toenail Fungus
19,2,EWThDBgYj9U,378,557,Drip| Hippopotamus| Chameleon
19,3,EWThDBgYj9U,674,825,Lightbulb| Computer| Eraser
19,4,EWThDBgYj9U,939,1142,Controller| Universe| Twisted Tea
20,1,Tf84L54lSTE,62,230,Gauntanamo Bay| Table| Turtle
20,2,Tf84L54lSTE,356,485,Dress| Tapestry| Beard
20,3,Tf84L54lSTE,585,701,Piano
20,4,Tf84L54lSTE,814,987,Worldwide| Films| Oscars| L.A.
21,1,re1sJCcYZy4,62,216,Crayon| Flag| Red
21,2,re1sJCcYZy4,333,505,Date| Alec| Sex
21,3,re1sJCcYZy4,651,833,Antibiotics| Metal| Legend| Sacrifice
21,4,re1sJCcYZy4,929,1068,Frogs| Plants| Clowns
22,1,3Y-0TUj1amk,119,296,Fish| Toothbrush| Hot Pocket
22,2,3Y-0TUj1amk,422,584,Dior| Photograph| England
22,3,3Y-0TUj1amk,692,880,Planet| Universe| Soul| Charger
22,4,3Y-0TUj1amk,1048,1212,Constellations| Insomnia| Candles| Polaroid Cameras
22,5,3Y-0TUj1amk,1297,1417,Freestyling About the Art
23,1,JeRZWJ7NMGU,49,215,Highlighter| Plant| Candle
23,2,JeRZWJ7NMGU,377,521,Sigma Rho Upsilon| Drugs & Drinking| Sisters| Family| & Happiness
23,3,JeRZWJ7NMGU,609,789,Love| Plug| Clock
23,4,JeRZWJ7NMGU,930,1084,Smoke| Vibe| Dope
24,1,ZC6kl6ohAjo,54,240,Blanket| Carpenter| Ferris Wheel
24,2,ZC6kl6ohAjo,315,520,Money| Chess| Music
24,3,ZC6kl6ohAjo,637,802,Bagel|Yankees| Saxaphone
24,4,ZC6kl6ohAjo,880,1024,Beatbox| Animals| Colors
25,1,1kN6LAf_7eg,94,303,Cookie| Car| YouTube
25,2,1kN6LAf_7eg,412,598,My Mom| My Dad| Myself
25,3,1kN6LAf_7eg,697,869,Lights| Apple Watch| Tapestry
25,4,1kN6LAf_7eg,976,1155,Albania| Freddy| Homeeless
26,1,U6dbmuCfdyk,77,276,Pineapple| Birthday| City
26,2,U6dbmuCfdyk,397,563,Study| Math| Rap
26,99,U6dbmuCfdyk,618,749,NordVPN Advertisment
26,3,U6dbmuCfdyk,858,1049,Book| Spirituality| Meditation
26,4,U6dbmuCfdyk,1244,1432,The Outdoors| Lorries| Eyebrows
27,1,dlnQOB15Sq8,53,304,Waterbottles| The Movies| Computers
27,2,dlnQOB15Sq8,475,672,Chocolate| Alcohol| Friends
27,3,dlnQOB15Sq8,756,937,Money| Mindset| Success
27,4,dlnQOB15Sq8,1036,1255,Art Freestyle
28,1,ZOhE4fUduUU,72,280,Mashmallows| Puppies| Books
28,2,ZOhE4fUduUU,408,569,McDonalds| Pokemon| Bubble Gum
28,3,ZOhE4fUduUU,743,947,PlayStation| Phone| Sleep
28,4,ZOhE4fUduUU,1044,1188,Chair| Camera| Glasses
29,1,2JHSSISCVww,92,292,Cable| Background| Olive
29,2,2JHSSISCVww,427,566,Dice| Boxes| Papers
29,3,2JHSSISCVww,739,945,Freestyle about their interraction
30,1,vtjdWxFcOc4,92,281,Cocaine| Alcohol| Women
30,2,vtjdWxFcOc4,450,578,Ball| 2K| Snow
30,3,vtjdWxFcOc4,632,796,Frisbee| Jello| Green| Orange| Marmalade
31,1,fP4SftKI4LQ,100,266,Imperfect| Admire| Life
31,2,fP4SftKI4LQ,375,571,THC| Milk| Chain
31,3,fP4SftKI4LQ,662,805,Awesome| Wonderful| & Great| Warm| Plushie
32,1,Z3FjhBuFKyM,9,147,Bammer| Luna| Lisa| Norway (w/ Marcus Veltri)
32,2,Z3FjhBuFKyM,242,338,Chicken Goujon| Vodka| Lipstick (w/ Marcus Veltri)
32,3,Z3FjhBuFKyM,403,480,Off the Top with Marcus Veltri
32,4,Z3FjhBuFKyM,614,770,Cocaine| Substance Abuse| Alcohol| Depression (w/ Marcus Veltri)
32,5,Z3FjhBuFKyM,865,983,Interstellar| Library| Continuum (w/ Marcus Veltri)
32,6,Z3FjhBuFKyM,1058,1202,Diction| Football| PS5  (w/ Marcus Veltri)
32,7,t_JrcAOfAp4,47,145,Off the Top with Marcus Veltri 1
32,8,t_JrcAOfAp4,288,423,Yeti| Pickle| Guitar (w Marcus Veltri)
32,9,t_JrcAOfAp4,503,631,Book| Piano| Hat (w Marcus Veltri)
32,10,t_JrcAOfAp4,725,836,Guitar| Star Wars| Black Hole (w Marcus Veltri)
32,11,t_JrcAOfAp4,910,1009,Off the Top with Marcus Veltri 2
33,1,p-GYLYqpTP8,61,243,Polo| Airplane| Mower
33,2,p-GYLYqpTP8,337,496,Art| Cell Phone| Thoughts
33,3,p-GYLYqpTP8,576,1315,Roar| Dive| Run (they draw Harry)
34,1,PPS8RLQkw04,65,220,King| Tiger| Clout
34,2,PPS8RLQkw04,352,539,Cauliflower| Ostentatious| Penguin
34,3,PPS8RLQkw04,632,793,Hot Pocket| Chair & Desk| Sunset
35,1,YPLX5YpSMfI,84,270,Halifax| Chair| Mango
35,2,YPLX5YpSMfI,352,520,Elephant| Scissors| Facemask
35,3,YPLX5YpSMfI,623,791,Pineapple| Wall| Blue
36,1,QaD5-e6hjmY,90,256,Panini| Blunt| Orange| Puppy
36,2,QaD5-e6hjmY,333,525,Dog| Hair| Books
36,3,QaD5-e6hjmY,704,882,Pasta| Brown| Blue| Necklace
37,1,1XZJKKNopEw,82,267,Money| Fame| Clout| Diamonds| Astronaut| Juice
37,2,1XZJKKNopEw,401,635,Aliens| Math| Bottle
37,99,1XZJKKNopEw,698,777,NordVPN Advertisment
37,3,1XZJKKNopEw,842,1046,UK| Education| Unrequited Love
38,1,eStSbs0PklY,75,242,Pepperoni| Dimension| ZaZa
38,2,eStSbs0PklY,314,454,Dragon| Minaj| Lemonade
38,99,eStSbs0PklY,519,603,Fiverr Advertisment
38,3,eStSbs0PklY,630,829,Blue| Basketball| Curry| Chocolate
39,1,dkcnYy_VjRc,71,244,Astrology| Womb| Feet
39,2,dkcnYy_VjRc,341,511,Ostrich| Cantaloupe| Superior
39,3,dkcnYy_VjRc,665,914,Yoga Ball| Cake| A Child
40,1,4dMm3q1rldE,140,322,Cartoon| Titan| Death
40,2,4dMm3q1rldE,464,602,Stereotype| Pterodactyl| Explore
40,3,4dMm3q1rldE,724,878,Peter| Meat| White
41,1,25ceuw4CuK8,91,317,Graduation| Cabinet| Vase
41,2,25ceuw4CuK8,442,628,Ice| Octopus| Moon| Photo| Bong
41,3,25ceuw4CuK8,713,871,Condom| Monkey| Chode
42,1,wy6qazFc2FQ,81,301,Candle| Xylophone| Catastrophe
42,2,wy6qazFc2FQ,445,650,Noodle| Keyboard| Chapstick| Leucistic
42,3,wy6qazFc2FQ,751,971,Museum| Sublet| Citizenship
43,1,oXI3ysg3s3s,68,243,Dumpling| Giraffe| Surge
43,2,oXI3ysg3s3s,331,516,Spectacular| Objectifying| Inspirational
43,3,oXI3ysg3s3s,603,750,Isosceles| Crown| Venn Diagram
44,1,UlIzq76NZJA,109,307,Linguine| Beans| Sombrero
44,2,UlIzq76NZJA,395,622,Fire Hydrant| Dragon| Fuzzy
44,3,UlIzq76NZJA,750,931,Toe| Grass| Toilet Brush
45,1,OBM1UVnsQQo,79,305,Chicken| Binoculars| Aerodynamics| Bacon| Madagascar| Blasphemy
45,2,OBM1UVnsQQo,441,625,Tyrannosaurus| Snapchat| TikTok
45,3,OBM1UVnsQQo,697,876,Marlboro| Bathroom| Hunger
46,1,KSc0UuBLRhg,75,294, Budussy| Mango| Minecraft
46,2,KSc0UuBLRhg,388,537,Socks| War Zone| Chocolate
46,99,KSc0UuBLRhg,585,696,NordVPN Advertisment
46,3,KSc0UuBLRhg,767,953,Asparagus| Buffalos| USA
47,1,n1K9P5Dtph4,80,308,Bop| Liberty| Green
47,2,n1K9P5Dtph4,503,722,Vigilant| Piano| Catastrophe
47,3,n1K9P5Dtph4,1065,1245,Cat Food| Video Games| Religion
48,1,5yTm4j6KaBQ,117,310,Plant| Hoodie| Mirror
48,2,5yTm4j6KaBQ,380,638,Freestyle| Albania| Smoke| My Girlfriend Thinks I'm An Option| Pickles| McDonald's
48,3,5yTm4j6KaBQ,826,1008,Preach Cuh| Extravagant| Gracioso
49,1,1dfh0G8Ik1c,60,267,Birds| Paper| Dental Floss
49,2,1dfh0G8Ik1c,361,591,Peanut Butter| Legoland| Shit
49,3,1dfh0G8Ik1c,703,861,Zucchini| Piano| Lamp
50,1,-pRhkKkM2Ms,70,308,Bed| Trampoline| Headphones| Microphone
50,2,-pRhkKkM2Ms,396,571,Tacos| Monitor| Coochie
50,3,-pRhkKkM2Ms,692,865,Pasta| Oorah| Crayons| MRE
50,4,-pRhkKkM2Ms,1060,1279,Sushi| Brownies| Softball
50,5,-pRhkKkM2Ms,1348,1586,Yoda| Waterfall| Intersection
50,6,-pRhkKkM2Ms,1695,1930,Icicle| Senseless| Emotional
51,1,mwWw-1t3hyw,115,289,Metaverse| Dashboard| Scissors
51,2,mwWw-1t3hyw,388,598,Calculator| Doughnut| Pencil
51,99,mwWw-1t3hyw,632,740,NordVPN Advertisment
51,3,mwWw-1t3hyw,819,1029,720| Morrison| Glasses
51,4,mwWw-1t3hyw,1108,1283,Gamer| Strawberry Cow| LGBTQ
52,1,3ZhcM7-bh4c,44,279,Acoustic| Acapella| Psychedelics
52,2,3ZhcM7-bh4c,374,600,Obsidian| Complex| Mitochondria| Anime| Lacrosse
52,99,3ZhcM7-bh4c,660,757,Keeps Advertisment
52,3,3ZhcM7-bh4c,865,1073,Preposterous| Poignant| Dubious
52,4,3ZhcM7-bh4c,1170,1351,Pyromaniac| Spherical| Phenomenal
53,1,Js2Q8tJLgig,66,264,Crayon| Alligator| Popsicle| Expeditionary
53,2,Js2Q8tJLgig,342,527,Hypnotize| Waterfall| Candy
53,3,Js2Q8tJLgig,632,780,Harry Potter| Octopus| Jacket
53,4,Js2Q8tJLgig,895,1088,Controller| Pencil| Extravagant
54,1,eX9uZQoXAdY,113,287,Giraffe| Star| Jasmine| Ambulance
54,2,eX9uZQoXAdY,372,561,Kumquat| Sandstone| Leopard
54,99,eX9uZQoXAdY,609,695,Hello Fresh Advertisment
54,3,eX9uZQoXAdY,778,937,Onomatopoeia| Britannica| Jewlery
54,4,eX9uZQoXAdY,1030,1218,The Life of a Broken Guy
55,1,AYc7Q6CSeGE,69,240,Potato| Twitter| Cup
55,2,AYc7Q6CSeGE,332,524,Eiffel Tower| Baguette| Trumpet
55,99,AYc7Q6CSeGE,572,657,NordVPN Advertisment
55,3,AYc7Q6CSeGE,724,917,Monster| Balls| Crystal| Toes
55,4,AYc7Q6CSeGE,972,1181,Fire Truck| Surf| Walmart
101,1,tKXnmUUM-IA,115,323,Goldie Cat| Snow| Monster
101,2,tKXnmUUM-IA,355,432,Rap About Drawings
101,3,tKXnmUUM-IA,484,659,Mechanical| Electrical| Computer
101,4,tKXnmUUM-IA,758,946,Health| Sickness| Faith| Love Yourself
56,1,Djm0fwEX9ls,71,307,Pigeon| Simulator| Radiator
56,2,Djm0fwEX9ls,414,660,Mad| Cash| Story| Constitutional
56,3,Djm0fwEX9ls,795,999,Kanye & Donda| Apple| Kid| Play
56,4,Djm0fwEX9ls,1126,1299,United Kingdom| Sunny| Attack
57,1,UI2qbARbQEw,94,350,Discord| Appointment| Helicopter| Hospital| Piano
57,99,UI2qbARbQEw,416,512,Bespoke Advertisment
57,2,UI2qbARbQEw,636,870,Chair| Pumpkin| Dog| Ambidextrous
57,3,UI2qbARbQEw,993,1185,Emu| Gay & Hetero| Pink| Skateboards
58,1,sfFpAz8ZHVg,78,232,Psychology| Memory| Hippopotamus
58,2,sfFpAz8ZHVg,340,482,Capri Sun| Sonic| Sword
58,3,sfFpAz8ZHVg,559,734,Discombobulated| Adjectives| Journey
59,1,CKnUOb6My5Y,91,231,Puppy| Blue Champagne| Telescope
59,99,CKnUOb6My5Y,283,339,NordVPN Advertisment
59,2,CKnUOb6My5Y,424,610,Phone| Tissue| Banana
59,3,CKnUOb6My5Y,707,907,Dildo| Cookies| Pink
60,1,BbcTwW_aKxI,83,241,Cheese| Glasses| Playstation
60,99,BbcTwW_aKxI,301,380,Keeps Advertisment
60,2,BbcTwW_aKxI,466,625,Pre-workout| Blanket| Melatonin
60,3,BbcTwW_aKxI,732,890,Destiny| Eyeshadow| Clapping
61,1,I0ng6LIjAOg,55,173,Balloons| String| Snow
61,2,I0ng6LIjAOg,267,430,Exquisite| Tree| Popcorn
61,3,I0ng6LIjAOg,529,715,Lettuce| Car| Mississippi
62,1,g25N4i6leas,57,256,Dome| Tapas| Arctic
62,2,g25N4i6leas,362,519,Rendezvous| Photosynthesis| Synchronize
62,3,g25N4i6leas,613,783,Pillow| Cage| Bag
63,1,abuAR-yoWSU,84,204,Keyboard| Glasses| Nails| Microsoft| Africa
63,2,abuAR-yoWSU,390,510,Friend| Underworld| New Generation
63,3,abuAR-yoWSU,702,822,Earphones| Ukraine| Pasta| River
64,1,izM7RQctoPc,79,199,Laptop| Gin| Vogue| Fuck
64,2,izM7RQctoPc,417,537,Phenomenal| Chameleon| JBL
64,3,izM7RQctoPc,622,742,Majestic| Logical| The Throne
65,1,BNC68gQluSE,71,191,Platypus| Cleanser| Eternal
65,99,BNC68gQluSE,393,513,NordVPN Advertisment
65,2,BNC68gQluSE,563,683,Badonkadonk| Daddy| Strawberry
65,3,BNC68gQluSE,831,951,420| Ancient| Telpathic
66,1,TJk3eDFwiaY,66,186,Enthusiastic| Supercalifragilisticexpialidocious| Thermometer
66,2,TJk3eDFwiaY,376,496,Oblivion| Intrigued| Formal
66,3,TJk3eDFwiaY,632,752,Dictionary| Piano| Headset
67,1,FxLKfWt3Kq4,62,182,Compliment| Red| Conclusion
67,99,FxLKfWt3Kq4,333,453,Keeps Advertisment
67,2,FxLKfWt3Kq4,480,600,Lost| Boys| Porn
67,3,FxLKfWt3Kq4,772,892,Dragon| Backpack| Comic Book
68,1,QaRkdWCTKkM,65,185,War Zone| Flip-Flop| Sprite
68,2,QaRkdWCTKkM,361,481,Skill Share Promotion
68,3,QaRkdWCTKkM,497,617,Champagne| Flannel| 2pac
68,4,QaRkdWCTKkM,794,914,Superficial| Detrimental| Psychotheraputic
69,1,O9AxmMO9xKw,74,194,Flabbergasted| Ratatoui| Tweezers
69,2,O9AxmMO9xKw,327,447,Mavericks| Airplanes| Beach
69,3,O9AxmMO9xKw,631,751,Discombobulated| Kleenex| Tekashi 
70,1,AO0yvg0pLiM,66,186,Baseball| New York| Phone| Rendezvous
70,99,AO0yvg0pLiM,229,349,Keeps Advertisment
70,2,AO0yvg0pLiM,492,612,Curtain| Clouds| Dance
70,3,AO0yvg0pLiM,764,884,Biblican| Generic| Titanium| Pineapple
71,1,qQKgwgWzg58,97,217,Bumpy| Kareem| Blue Jacket
71,99,qQKgwgWzg58,342,462,NordVPN Advertisment
71,2,qQKgwgWzg58,504,624,Haunted| Microphone| Angel
71,3,qQKgwgWzg58,775,895,Ambiguous| Recreational| Innovative
72,1,xqCEjV48TWA,91,211,Meniscus| Cardiovascular| Clavicle
72,99,xqCEjV48TWA,369,489,NordVPN Advertisment
72,2,xqCEjV48TWA,531,651,Tie| Bag| Bottle
72,3,xqCEjV48TWA,868,988,Panties| Toenails| Takis
73,1,SnJpkJ0or5o,65,185,Royal Flush| Dr. Pepper| Leopards
73,2,SnJpkJ0or5o,374,494,Tank| Obligatory| Despicable| Stars
73,3,SnJpkJ0or5o,667,787,Yarn| Tow Truck| Beetle
74,1,2kfaZHwzda8,83,203,Balloon| Symptomatic| Oragutan
74,2,2kfaZHwzda8,384,504,Barbecue| Piano| Street| Bedframe
74,3,2kfaZHwzda8,677,797,Uninterested| Sweet Tea| Women
75,1,4yeyJVkbX8Y,70,190,Magnetic| Cactus| Schoolbus
75,99,4yeyJVkbX8Y,322,442,NordVPN Advertisment
75,2,4yeyJVkbX8Y,487,607,Reebok| Ping Pong| Violin
75,3,4yeyJVkbX8Y,817,937,Interstellar| Mathematical| Trigonometry
76,1,Xm8Z4bGH_Ok,111,231,Abracadabra| Paralysis| Potential
76,2,Xm8Z4bGH_Ok,396,516,Skallywag| Compromise| Execute
76,3,Xm8Z4bGH_Ok,704,824,Disinfect| Lemonade| Beetlejuice
77,1,yxb2mb4wkF4,66,186,Onamatopia| Questionable| Eyelashes
77,99,yxb2mb4wkF4,267,387,NordVPN Advertisment
77,2,yxb2mb4wkF4,411,531,Holiday| Controller| Wallet
77,3,yxb2mb4wkF4,723,843,Apple| Door| Book| Discriminate
78,1,NKtwLntS4Pg,92,212,Love| Radiator| Environment
78,99,NKtwLntS4Pg,355,475,NordVPN Advertisment
78,2,NKtwLntS4Pg,488,608,Knowledge| Pencil| Mouse
78,3,NKtwLntS4Pg,786,906,Nail Polish| Fan| Rainbow
79,1,MiU7GJYeTas,78,198,Immaculate| Paleontologist| Arithmatic
79,99,MiU7GJYeTas,347,467,Keeps Advertisment
79,2,MiU7GJYeTas,488,608,Paint| Door| Bed
79,3,MiU7GJYeTas,756,876,Drip| Black| Savage| Prodigy
80,1,TwRATtm76cI,72,192,Monitor| Flabbergasted| Tesla| Trash
80,2,TwRATtm76cI,363,483,Television| Basketball| Airplane
80,3,TwRATtm76cI,669,789,Halloween| Vikings| Honda| Lebron James
80,4,TwRATtm76cI,901,1021,Drugs
81,1,bt0DLDPVE1M,65,185,Professional| Advantage| Diploma
81,99,bt0DLDPVE1M,323,443,Keeps Advertisment
81,2,bt0DLDPVE1M,443,563,Dreamcatcher| Flower Field| Knife
81,3,bt0DLDPVE1M,777,897,Prison| Takeaway| Celebrate| War| Gangsters
82,1,6Phbw1vg5Wc,58,178,Notion| Flexibility| Acrobatics
82,99,6Phbw1vg5Wc,263,383,Keeps Advertisment
82,2,6Phbw1vg5Wc,377,497,Cup| Inevitable| Unforgetable
82,3,6Phbw1vg5Wc,642,762,Comb| Library| Drawer| Uncapacitated
83,1,16xwgMHig-A,59,179,Bike| Chicacgo| Bullet
83,2,16xwgMHig-A,273,393,Athletic Greens Commercial
83,3,16xwgMHig-A,395,515,Optimistic| Proflific| Life
83,4,16xwgMHig-A,648,768,Minecraft| Douchebag| Vamanos
84,1,REllMQ6EQi8,78,198,Squishmallow| Table| Tampon| Evergreen| Live
84,99,REllMQ6EQi8,345,465,NordVPN Advertisment
84,2,REllMQ6EQi8,513,633,Xenomorph| Adherence| Supercalifragilisticexpialidocious
84,3,REllMQ6EQi8,775,895,Parking| Alphabet| Counterfeit
85,1,6mfIBMQMYTw,64,184,Fundemental| Squiggle| Creative| Vigor| Fire
85,2,6mfIBMQMYTw,262,382,Puzzle| Black| Future
85,3,6mfIBMQMYTw,580,700,Rambunctuios| Genuflect| Opportunity
86,1,gBgJRYcIcWA,84,204,Kobe| Table| Jacket
86,2,gBgJRYcIcWA,444,564,Charger| Remote| Bookbag
86,3,gBgJRYcIcWA,700,820,Jägermeister| Shot Glass| Thalassophobia
87,1,WG0ZmvMYVrM,59,179,Euphoria| Advertising| Penthouse| Hotel
87,99,WG0ZmvMYVrM,258,378,AG1 Advertisment
87,2,WG0ZmvMYVrM,365,485,Articulate| Outstanding| Slay
87,3,WG0ZmvMYVrM,566,686,Mathematical| Scientific| Something About History
88,1,cXKJ3uv_XIk,60,180,Rainbow| Onomatopia| Capybara
88,2,cXKJ3uv_XIk,353,473,Xylophone| Escargot| Sewing
88,3,cXKJ3uv_XIk,508,628,Placebo| Sunflower| Hypothesis
88,4,cXKJ3uv_XIk,745,865,Plants| Avocado Tree
88,5,lZiQzYgdw3A,33,153,Basketball| XBox| iPhone
88,6,lZiQzYgdw3A,300,420,Pinecone| Skull| Cottage
88,7,lZiQzYgdw3A,586,706,Trees| Environment| Birds
88,8,lZiQzYgdw3A,772,892,Innocense of being young
88,9,dDprvKIL6Pw,51,171,Rubik's Cube| Trash Can| Barbeque
88,10,dDprvKIL6Pw,296,416,Hipocryte| Cross| Succer Punch
88,11,dDprvKIL6Pw,541,661,Flying| Kangaroo| Flag
88,12,dDprvKIL6Pw,803,923,Family and Friends
89,1,_SZbXNGBWGk,64,184,Beemer| Stranger| Master
89,99,_SZbXNGBWGk,243,363,Lemonade Advertisment
89,2,_SZbXNGBWGk,397,517,Onomatopoeia| Gifted| Elegant
89,3,_SZbXNGBWGk,656,776,Stativa| Intergalactic| Lithium
90,1,uhiwj4ho4V4,64,184,Microphone| Soundcloud| Mirror
90,99,uhiwj4ho4V4,239,359,NordVPN Advertisment
90,2,uhiwj4ho4V4,392,512,Telly| Hellcat| Big Booty Latina
90,3,uhiwj4ho4V4,625,745,Bonsai| Body Armor| Hyundai
91,1,qG37EIdryFo,57,177,Jumping Rope| TV| Trash Bag
91,99,qG37EIdryFo,246,366,NordVPN Advertisment
91,2,qG37EIdryFo,393,513,Dictionary| Space| Volcano
91,3,qG37EIdryFo,721,841,Apparatus| Microscopic| Octagon| Blanet| Blanking 
92,1,90-aXcTQw34,84,204,Laqueefious| Meatballs| Spontaneous
92,2,90-aXcTQw34,337,457,Stella| Bike| Pokemon
92,99,90-aXcTQw34,503,623,Hello Fresh Advertisment
92,3,90-aXcTQw34,650,770,Minecraft| Walgreens| Soccer
92,4,90-aXcTQw34,900,1020,A Tribute to Boobs & Cash
93,1,rjBtpTI0MAc,60,180,Ambidextrous| Chronicle| Afghanistan| Revolutionary
93,2,rjBtpTI0MAc,270,390,Motorcycle| Vape| Controller
93,3,rjBtpTI0MAc,550,670,McDonald's| Marijuana| Grass
94,1,bJgAtUirT7I,89,209,Shifters| Exotic| White Line
94,2,bJgAtUirT7I,413,533,Purple| Difficult| Handball
94,3,bJgAtUirT7I,706,826,Basketball| Bench| Stairs
95,1,1suTTTUn7iA,72,192,Pottery| Universal| Outstanding
95,99,1suTTTUn7iA,316,436,NordVPN Advertisment
95,2,1suTTTUn7iA,441,561,Complimentary| Extraterrestrial| Continental| Certified
95,3,1suTTTUn7iA,752,872,Arctic Monkeys| Live| Laugh| Love| Cats (Lucy| Ginger)
96,1,TFaKz7SQsgg,102,222,Nipple Clamps| Chameleon| Ron Weasley
96,99,TFaKz7SQsgg,322,442,NordVPN Advertisment
96,2,TFaKz7SQsgg,451,571,Rambunctious| Poker| Picture Frame
96,3,TFaKz7SQsgg,747,867,Galactic| Balloons| Rain
97,1,qlfHCE9nl34,80,200,Boayncy| Implosion| Solar System
97,2,qlfHCE9nl34,328,448,Soy Sauce| Military| Picaso
97,3,qlfHCE9nl34,630,750,Animal Shelter
98,1,vL4W6n--r5A,75,195,Electrical| Damage| Spicy
98,2,vL4W6n--r5A,362,482,Cockatiel| Doobie & Ganja| Bus
98,3,vL4W6n--r5A,662,782,Cement Mixer| Lint Roller| Blanket
99,1,-70WqAfeEYE,67,277,intelligent| outgoing| excellent
99,99,-70WqAfeEYE,328,380,NordVPN Advertisment
99,2,-70WqAfeEYE,453,630,cars| family| facial hair
99,3,-70WqAfeEYE,720,940,gymnasium| chemistry| deodorant
100,1,ijVGIcVRIbk,89,262,exotic| sword| exquisite
100,2,ijVGIcVRIbk,365,566,Scat Pack| basket| vibes
100,3,ijVGIcVRIbk,653,859,ventriliquist| cosmetology| planetarium
100,4,ijVGIcVRIbk,1028,1217,loyalty| cheating| love
100,5,ijVGIcVRIbk,1331,1481,Native American heritage| Yana| Wintu| Pit River
100,6,ijVGIcVRIbk,1581,1801,malicious| pencil| micro
100,7,ijVGIcVRIbk,1917,2134,fission| iridocyclitis| visionary| Subaru
100,8,ijVGIcVRIbk,2210,2371,a grizzly bear drinking milk
100,9,ijVGIcVRIbk,2453,2656,unforgettable| crash| Italiano
100,10,ijVGIcVRIbk,2747,2958,ambitious| glamorous| medal
